subject,beta,measure,measure_type,n_obs,delta_aic,lossy_est,lossy_se
ZAB,0.1,FFD,early,2163,-1.1676719283241255,-0.010849529946120939,0.011896127950650384
ZAB,0.1,GD,early,2163,-1.8346616479939257,-0.006474465430355241,0.015969353674023787
ZAB,0.1,GPT,late,2163,-1.749521666628425,0.01109140738302667,0.022151514803800253
ZAB,0.1,TRT,late,2163,-1.110328836417466,-0.017672417876266132,0.01874907920323201
ZAB,0.1,reg,late,4206,0.9745911480977156,-0.1731584782292793,0.09984900941064558
ZAB,0.3,FFD,early,2171,-1.6959078987274552,-0.007700863982600954,0.013967208254466571
ZAB,0.3,GD,early,2171,-1.9584706062414625,-0.0038160429831439547,0.018709786871151414
ZAB,0.3,GPT,late,2171,-1.715906313042069,0.01387119496217674,0.026030723171823436
ZAB,0.3,TRT,late,2171,-1.3873821369306825,-0.01720506831415553,0.02198519146008578
ZAB,0.3,reg,late,4218,2.1533593195244976,-0.24058912198864632,0.11815690462183365
ZAB,0.5,FFD,early,2171,-1.8588932278107677,-0.006504442892703279,0.01730691635439651
ZAB,0.5,GD,early,2171,-1.9865770447722753,-0.002682292482179344,0.023198928612682006
ZAB,0.5,GPT,late,2171,-1.4716713600209914,0.02354939131009666,0.03242059564027426
ZAB,0.5,TRT,late,2171,-1.5148125777413952,-0.018992953916648916,0.027255906733165424
ZAB,0.5,reg,late,4218,3.4746950945800563,-0.3497611440241758,0.15104003009118247
ZAB,0.7,FFD,early,2171,-1.8428777797380462,-0.008818166659726775,0.022227007659972788
ZAB,0.7,GD,early,2171,-1.9977037291100714,0.0014040519471895303,0.02984372757882244
ZAB,0.7,GPT,late,2171,-0.6261628389984253,0.04883116460650886,0.041738564283018434
ZAB,0.7,TRT,late,2171,-1.999706325950683,-5.431761885713807e-4,0.0351882188719038
ZAB,0.7,reg,late,4218,1.588886338771772,-0.37224993192079076,0.1990638812985133
ZAB,0.9,FFD,early,2171,-1.936870440869825,0.009376267183939484,0.03721953564317583
ZAB,0.9,GD,early,2171,-1.9158303098520264,0.014523664565128326,0.05005742740298952
ZAB,0.9,GPT,late,2171,-0.4876818116827053,0.08543231577532716,0.06964193483560911
ZAB,0.9,TRT,late,2171,-1.992680424667924,0.0050491685741622305,0.05924719495227806
ZAB,0.9,reg,late,4218,1.3970909408808438,-0.6519314881610098,0.35913251936540513
ZDM,0.1,FFD,early,1927,-1.2147550852423592,0.009923809745034543,0.011196271963805867
ZDM,0.1,GPT,late,1927,-0.41501564944701386,0.029562664541748707,0.023481253239893682
ZDM,0.1,TRT,late,1927,-1.7422863395113382,0.009851649340392517,0.019391065510584303
ZDM,0.1,reg,late,4206,-1.9745167046385177,-0.01172649979175317,0.07361717172581175
ZDM,0.3,FFD,early,1932,-0.6289802569262974,0.01536061770036474,0.013115127724073217
ZDM,0.3,GPT,late,1932,0.036980115986807505,0.03923815669297966,0.027519139593742453
ZDM,0.3,TRT,late,1932,-1.135896737963776,0.021149414806194956,0.022750002919984788
ZDM,0.3,reg,late,4218,-1.920873954451963,-0.024591368887318905,0.08633028567022924
ZDM,0.5,FFD,early,1932,-0.6348972475716437,0.019072641809229466,0.01633060517809589
ZDM,0.5,GPT,late,1932,-0.6984250124369282,0.03875180631665467,0.033909393042538684
ZDM,0.5,TRT,late,1932,-1.5676183368414058,0.018625124654357356,0.02834434944659533
ZDM,0.5,reg,late,4218,-0.4885029500210294,-0.13391778459620576,0.10939485642848269
ZDM,0.7,FFD,early,1932,-0.6946213538794836,0.023894422633546207,0.020931921628958468
ZDM,0.7,GPT,late,1932,-1.3637221867975313,0.034623455376289136,0.043465124843763144
ZDM,0.7,TRT,late,1932,-0.873631776743423,0.038968772333776214,0.036790111732722466
ZDM,0.7,reg,late,4218,1.3739866654532307,-0.26200720368096575,0.14390572569693455
ZDM,0.9,FFD,early,1932,-1.9961884971307882,0.0021456950501042293,0.03473379973898918
ZDM,0.9,GPT,late,1932,-1.764206134073902,0.034155720730842706,0.07247969930194077
ZDM,0.9,TRT,late,1932,-1.9069287156999053,0.01865197826961444,0.06121449829693095
ZDM,0.9,reg,late,4218,0.22156260000792827,-0.3687821453932534,0.24918313189279645
ZDN,0.1,FFD,early,1317,-1.8518901808984083,-0.006133868321602756,0.015578703430719503
ZDN,0.1,GD,early,1317,-1.5915394679250312,-0.011664304324268442,0.018256757283669604
ZDN,0.1,GPT,late,1317,-0.316590929935046,0.042389381288818376,0.03252177471319715
ZDN,0.1,TRT,late,1317,0.6452195288402436,-0.039324070868990674,0.024337422385264318
ZDN,0.1,reg,late,3163,7.334357363383788,-0.25872861983999784,0.0846449692859043
ZDN,0.3,FFD,early,1324,-0.6584394984238315,-0.021278286149485837,0.018350457395076143
ZDN,0.3,GD,early,1324,-0.46253099521527474,-0.026930904942408518,0.021710682673247973
ZDN,0.3,GPT,late,1324,-1.2643994087629835,0.03312337109844412,0.03861775177571784
ZDN,0.3,TRT,late,1324,2.411280997115682,-0.06047465028548516,0.028715323525653084
ZDN,0.3,reg,late,3174,8.362105064977186,-0.3250592594418747,0.10159369008178513
ZDN,0.5,FFD,early,1324,1.0789486439189204,-0.039862214471636355,0.02265546164658502
ZDN,0.5,GD,early,1324,1.8437894292637793,-0.052566354789180696,0.026730302800307443
ZDN,0.5,GPT,late,1324,-1.3042523753465503,0.040278757660087754,0.048355693698089355
ZDN,0.5,TRT,late,1324,2.552965018152463,-0.07637926166325779,0.035652958856812966
ZDN,0.5,reg,late,3174,11.152185261735212,-0.47196558320570503,0.13245045858249435
ZDN,0.7,FFD,early,1324,3.3718233671697817,-0.06544296467278977,0.028095927629441367
ZDN,0.7,GD,early,1324,1.6538041383828386,-0.06393809952324896,0.03330758470387069
ZDN,0.7,GPT,late,1324,-1.8510538107839238,0.02333269345633879,0.061319773072848076
ZDN,0.7,TRT,late,1324,3.104406904487405,-0.10196050591824504,0.0448776610097718
ZDN,0.7,reg,late,3174,8.86592084739732,-0.5645715326148182,0.1748431893229097
ZDN,0.9,FFD,early,1324,4.365750411168847,-0.11754320309893065,0.046285115140327106
ZDN,0.9,GD,early,1324,1.4042958476657077,-0.10202512604568607,0.05504005105476279
ZDN,0.9,GPT,late,1324,-1.9781387571456435,0.015037112034569408,0.10208782297329347
ZDN,0.9,TRT,late,1324,4.824569906671968,-0.19608494075056854,0.0744163830033563
ZDN,0.9,reg,late,3174,6.4402713519903045,-0.8762229860938499,0.308169589358505
ZGW,0.1,FFD,early,2225,-1.8233617198966385,0.005033865799491479,0.011975262257231858
ZGW,0.1,GD,early,2225,-1.8094698235508986,0.0062810692196697306,0.014355418301786714
ZGW,0.1,GPT,late,2225,-1.5284798652501195,-0.01807838457264575,0.026348290350269324
ZGW,0.1,TRT,late,2225,-1.8055816397099989,0.009436758556185714,0.021401919427533164
ZGW,0.1,reg,late,4206,-0.5088300087973039,-0.08320673462759606,0.06807875024793995
ZGW,0.3,FFD,early,2229,-1.5292792454383743,0.009696409329463633,0.014129791968344995
ZGW,0.3,GD,early,2229,-0.9878339020469866,0.01703038147878467,0.016926526627362676
ZGW,0.3,GPT,late,2229,-1.9517710501386318,-0.006854347726899647,0.03122694038879324
ZGW,0.3,TRT,late,2229,-1.7509934462250385,0.012500944733123524,0.024973353723404913
ZGW,0.3,reg,late,4218,-0.6193781806050538,-0.09426492710271193,0.08027014384497384
ZGW,0.5,FFD,early,2229,-1.9724800969852367,0.002907164406130776,0.017566139814499768
ZGW,0.5,GD,early,2229,-1.868756115429278,0.00763525876086871,0.021076487247806332
ZGW,0.5,GPT,late,2229,-1.90407846076414,-0.012060002843153042,0.0389351393159002
ZGW,0.5,TRT,late,2229,-1.9982338089430414,-0.0013010325616568705,0.030789794994807537
ZGW,0.5,reg,late,4218,-0.7270462524929826,-0.11419053441892571,0.10146985954875855
ZGW,0.7,FFD,early,2229,-1.9154112281139533,-0.006538882830898567,0.022485379972028614
ZGW,0.7,GD,early,2229,-1.7251326001714915,0.014200860259107141,0.027102781578055367
ZGW,0.7,GPT,late,2229,-1.862939387534425,0.01861299674620911,0.0503269837812301
ZGW,0.7,TRT,late,2229,-1.8613906349091849,0.014705256301435566,0.03954276401793633
ZGW,0.7,reg,late,4218,-1.5794584684699657,-0.08506746079879603,0.1314465098333981
ZGW,0.9,FFD,early,2229,-1.999378038024588,8.662523233082394e-4,0.037151435378291
ZGW,0.9,GD,early,2229,-1.1289714655285934,0.04218877477569912,0.045281415064493145
ZGW,0.9,GPT,late,2229,-0.8838786781598174,0.0869113505182092,0.08251379947271804
ZGW,0.9,TRT,late,2229,-1.9953907136368798,0.004482343442004622,0.06606072221917023
ZGW,0.9,reg,late,4218,-1.2349682737194598,-0.19817638729699508,0.227476791472876
ZJM,0.1,FFD,early,2407,-1.5316622442478547,-0.008761973081305158,0.01280738947495659
ZJM,0.1,GD,early,2407,-0.658214064729691,-0.02042939040574667,0.017649359434814188
ZJM,0.1,GPT,late,2407,-1.874817411226104,0.00809354221314269,0.022872720224120607
ZJM,0.1,TRT,late,2407,3.2016323162897606,-0.045471281344830916,0.019969032363973235
ZJM,0.1,reg,late,4206,3.599827403760173,-0.19300014766967644,0.08137378163273395
ZJM,0.3,FFD,early,2413,-1.6516103694484627,-0.008637780697275298,0.01497485020491989
ZJM,0.3,GD,early,2413,-1.4887185364132165,-0.014739521813020458,0.020608450220416193
ZJM,0.3,GPT,late,2413,-1.9091486503311899,0.008032421468288378,0.02665029692636613
ZJM,0.3,TRT,late,2413,3.756870743323816,-0.055838724337063377,0.02326166478576985
ZJM,0.3,reg,late,4218,6.859974047966716,-0.28778983067997765,0.09705617781002994
ZJM,0.5,FFD,early,2413,-1.7338338511435722,-0.009209650692128675,0.01838149907766796
ZJM,0.5,GD,early,2413,-1.9079248348461988,-0.007681874221387832,0.025267241818395434
ZJM,0.5,GPT,late,2413,-1.734083549643401,0.016784516263603017,0.03254182622974874
ZJM,0.5,TRT,late,2413,2.96274280873331,-0.06325664794981019,0.028323283830698313
ZJM,0.5,reg,late,4218,12.488007646614278,-0.4736515709634825,0.12685545138777762
ZJM,0.7,FFD,early,2413,-1.9444536490264,-0.004646609502999925,0.023314694167510506
ZJM,0.7,GD,early,2413,-1.847534403721511,0.012474244133641451,0.031960329769528846
ZJM,0.7,GPT,late,2413,-1.2424289736809442,0.035720804716425573,0.04107901493706296
ZJM,0.7,TRT,late,2413,0.6626619250891963,-0.05858264123122329,0.03578504990562057
ZJM,0.7,reg,late,4218,15.470027422598832,-0.6988640942906447,0.17180451061130808
ZJM,0.9,FFD,early,2413,-1.3980327862627746,-0.030363239643089873,0.03952104901962561
ZJM,0.9,GPT,late,2413,-1.8980189976573456,0.022286772525007922,0.06982454605794983
ZJM,0.9,TRT,late,2413,-0.43004720487078885,-0.07587582872129539,0.06041211088757861
ZJM,0.9,reg,late,4218,5.941557691251546,-0.8390273264935403,0.3038675090642224
ZJN,0.1,FFD,early,2323,-1.8846592000954843,-7.444522732208201e-4,0.01111596472265515
ZJN,0.1,GD,early,2323,-1.7274648954116856,-0.007772885479280066,0.014898277619615173
ZJN,0.1,GPT,late,2323,-1.813091359079408,-0.009416125146292136,0.021773249173319256
ZJN,0.1,TRT,late,2323,-0.2573581819451647,-0.025121071934346657,0.019045694784795224
ZJN,0.1,reg,late,4206,-1.7557706962234079,-0.036503923064450224,0.07379748265340538
ZJN,0.3,FFD,early,2330,-1.904652831297426,-0.004798628828065055,0.013017743637475028
ZJN,0.3,GD,early,2330,-1.8098644429992419,-0.007603867380355475,0.017442272815783456
ZJN,0.3,GPT,late,2330,-1.9788556560815778,-0.0037198462684191413,0.025554050782839993
ZJN,0.3,TRT,late,2330,-1.0213247598294402,-0.022110014568773293,0.02234852682650771
ZJN,0.3,reg,late,4218,-1.5063734279829077,-0.06075839476846764,0.08647441688995092
ZJN,0.5,FFD,early,2330,-2.331005834759708,-0.005458506811045363,0.016229276147751746
ZJN,0.5,GD,early,2330,-1.9906884525080386,-0.0020719153876255377,0.021716156253951794
ZJN,0.5,GPT,late,2330,-1.9712802874782938,-0.005356619216543584,0.03159392374294672
ZJN,0.5,TRT,late,2330,-1.2840018709393917,-0.023470065502839026,0.02771638454690164
ZJN,0.5,reg,late,4218,-1.5468235160305994,-0.07310976902168206,0.10876283341603458
ZJN,0.7,FFD,early,2330,-0.5546057820392889,-0.025249926610844846,0.02033155792952738
ZJN,0.7,GD,early,2330,-1.9810484855224786,-0.0037541227314128608,0.027385934946718347
ZJN,0.7,GPT,late,2330,-1.356827518742648,0.03227734222176262,0.04031164775546892
ZJN,0.7,TRT,late,2330,-1.8579074538283749,-0.013284967066684776,0.035241279459011954
ZJN,0.7,reg,late,4218,0.5020497867790255,-0.22278553057976008,0.14176951131722507
ZJN,0.9,FFD,early,2330,3.5145303212702856,-0.0819396205421375,0.03375117679955672
ZJN,0.9,GD,early,2330,-0.4370872201216116,-0.05731580671570537,0.04576524163802934
ZJN,0.9,GPT,late,2330,-1.4943326258799061,0.04826956618009258,0.06796208029883975
ZJN,0.9,TRT,late,2330,-0.7084131288647768,-0.06756529028660405,0.05933825432406264
ZJN,0.9,reg,late,4218,-0.2706198766190937,-0.316716790661089,0.24271831836699004
ZJS,0.1,FFD,early,2049,-1.9930106173051172,9.804977622784802e-4,0.011722282063584994
ZJS,0.1,GD,early,2049,-0.02391810000699479,-0.021377824851979508,0.015212680888838969
ZJS,0.1,GPT,late,2049,-1.803179855356575,-0.008424829264838892,0.018995684735573892
ZJS,0.1,TRT,late,2049,0.9009315381590568,-0.02819282874244618,0.01656017187721847
ZJS,0.1,reg,late,4206,4.103627525537831,-0.30511483779668386,0.12224010405746523
ZJS,0.3,FFD,early,2054,-1.415898794264649,0.01051111755940631,0.013750174121138024
ZJS,0.3,GD,early,2054,-1.7429720983818697,-0.009089518361935486,0.017876636054086164
ZJS,0.3,GPT,late,2054,-1.7671111507588648,-0.010782408931145153,0.02231740685786898
ZJS,0.3,TRT,late,2054,-0.5324491749379376,-0.02351526085063479,0.019405744154178926
ZJS,0.3,reg,late,4218,2.7260088935272506,-0.3194913446222559,0.14679211898457578
ZJS,0.5,FFD,early,2054,-0.48432346571280505,0.0209421643288738,0.017027292820561864
ZJS,0.5,GD,early,2054,-1.9712008437236364,-0.0037460894973020027,0.02208191675686811
ZJS,0.5,GPT,late,2054,-1.5882306832063477,-0.01767208613878259,0.027509209437127164
ZJS,0.5,TRT,late,2054,-0.7928819016851776,-0.026215085092389383,0.023849711820221116
ZJS,0.5,reg,late,4218,2.537574935480734,-0.3972043856615987,0.1883561862071545
ZJS,0.7,FFD,early,2054,-0.9757411239224894,0.021893752601027754,0.021656273736591704
ZJS,0.7,GD,early,2054,-1.9838446817229851,-0.003575061115038641,0.028072923522156373
ZJS,0.7,GPT,late,2054,-1.4547632331486966,-0.02575815406270317,0.034835235983316636
ZJS,0.7,TRT,late,2054,-1.220806477125734,-0.02664005033596346,0.030136000932784186
ZJS,0.7,reg,late,4218,2.251308283221533,-0.5107558921414131,0.2518231480856196
ZJS,0.9,FFD,early,2054,-1.0506531880964758,0.035773247261703174,0.036752052521330354
ZJS,0.9,GD,early,2054,-1.8722665886743926,0.017061113881946595,0.047756573424483625
ZJS,0.9,GPT,late,2054,-1.8773252436949406,-0.020619413513462945,0.058840148745105965
ZJS,0.9,TRT,late,2054,-1.8637023521405354,0.01896291472419533,0.05139233847807887
ZJS,0.9,reg,late,4218,1.9410169903030692,-0.8858053454045162,0.45719513195880945
ZKB,0.1,FFD,early,2229,1.8182260186658823,-0.02195447562611895,0.011242908868301257
ZKB,0.1,GD,early,2229,13.21147936914349,-0.06149456333904051,0.01578229001153677
ZKB,0.1,GPT,late,2229,-0.03952201734864502,-0.03443637970133652,0.0246176912716851
ZKB,0.1,TRT,late,2229,1.64101616861808,-0.038703468585413375,0.020301174881408056
ZKB,0.1,reg,late,4206,-1.6727572286954455,-0.04081756827218036,0.07130775000871951
ZKB,0.3,FFD,early,2236,1.4255379743008234,-0.024243777546984924,0.013094558210111547
ZKB,0.3,GD,early,2236,10.309265473872074,-0.06446489222443909,0.018345336270600133
ZKB,0.3,GPT,late,2236,-1.5995989692382864,-0.018241170084245785,0.028816910686320075
ZKB,0.3,TRT,late,2236,-1.2215837608382571,-0.02097659193012118,0.023771422427062906
ZKB,0.3,reg,late,4218,-0.8622893122610549,-0.0893150907375547,0.08360986653489784
ZKB,0.5,GD,early,2236,8.413019869305572,-0.07348360858174764,0.02267981235375391
ZKB,0.5,GPT,late,2236,-1.965563359513908,-0.006693412061648186,0.036070694121409924
ZKB,0.5,TRT,late,2236,-1.542512459691352,-0.020004809278335225,0.02955717800927405
ZKB,0.5,reg,late,4218,0.4587464749929495,-0.1650334896851557,0.10567433195607862
ZKB,0.7,FFD,early,2236,0.057186301208275836,-0.029897102319634446,0.02080798293025216
ZKB,0.7,GD,early,2236,1.0785062207942246,-0.05102548001776706,0.029010149644427267
ZKB,0.7,GPT,late,2236,1.4175851039908594,0.08570986153293128,0.046505308639300955
ZKB,0.7,TRT,late,2236,-1.5406418826205481,0.025754583856560535,0.038024630774789236
ZKB,0.7,reg,late,4218,5.522578999492907,-0.3797283956486993,0.1401903018025094
ZKB,0.9,FFD,early,2236,-1.5316368281055475,-0.02481244630643041,0.03624039217377953
ZKB,0.9,GD,early,2236,-1.0308330047337222,-0.050120058094612674,0.05086716106901707
ZKB,0.9,GPT,late,2236,1.4883652329845063,0.15033620863672287,0.0807266526103081
ZKB,0.9,TRT,late,2236,-1.994098178070999,-0.005076190570212511,0.06607349346564353
ZKB,0.9,reg,late,4218,12.551191763782299,-0.9323820978970843,0.25001713313258844
ZKH,0.1,FFD,early,2148,-1.9654133934709535,-0.0022209776843195523,0.012594943468172557
ZKH,0.1,GD,early,2148,1.753584723071981,-0.033214571809640256,0.017163459762795413
ZKH,0.1,GPT,late,2148,9.781936638184561,-0.07228634090047287,0.021089839750435248
ZKH,0.1,TRT,late,2148,11.198566333561757,-0.06700071303109834,0.018464610665266685
ZKH,0.1,reg,late,4206,1.1391568214698964,-0.18272264561721221,0.10248686450465878
ZKH,0.3,FFD,early,2155,-2.2208603838953422,-9.557825451962144e-4,0.014786682314287343
ZKH,0.3,GD,early,2155,2.0255154236328963,-0.04023323841845454,0.020051766792107493
ZKH,0.3,GPT,late,2155,6.1894282020948594,-0.07051683197573723,0.024609191680201897
ZKH,0.3,TRT,late,2155,9.034813500697055,-0.07189982315077356,0.02160164616141754
ZKH,0.3,reg,late,4218,1.2985038932683892,-0.2214931896062175,0.12195582789644126
ZKH,0.5,FFD,early,2155,-2.285685705512151,0.005531650644660258,0.018314660876516013
ZKH,0.5,GD,early,2155,2.611807625653455,-0.05282364353775198,0.024644135293657252
ZKH,0.5,GPT,late,2155,4.3993147207766015,-0.0767380636588061,0.030212575330303262
ZKH,0.5,TRT,late,2155,9.043648034028593,-0.08868876837740663,0.02655133465015361
ZKH,0.5,reg,late,4218,3.1316665882573034,-0.3512643533090618,0.15667118727249862
ZKH,0.7,FFD,early,2155,-1.584290524089738,0.016131390841736468,0.022867981632849893
ZKH,0.7,GD,early,2155,-0.7783429790797527,-0.0340823244110077,0.030820058808795445
ZKH,0.7,GPT,late,2155,-0.5176911664602812,-0.04637447708223436,0.037995698601287445
ZKH,0.7,TRT,late,2155,1.1369928625535977,-0.059433301625340135,0.03343879536302918
ZKH,0.7,reg,late,4218,2.427469778629529,-0.43119135280808313,0.20813051023744458
ZKH,0.9,FFD,early,2155,-2.242410261002078,0.0033284414653005135,0.037690262695062614
ZKH,0.9,GD,early,2155,-0.7676369115979469,-0.05558631755343048,0.04998820492083683
ZKH,0.9,GPT,late,2155,-1.985152112061769,-0.007494939144548513,0.06162404447310635
ZKH,0.9,TRT,late,2155,-0.8394503814124619,-0.05872143905950985,0.05435438825362427
ZKH,0.9,reg,late,4218,0.27351924111189874,-0.5477717800475821,0.36898360095539684
ZKW,0.1,FFD,early,2342,-0.6498368978391227,-0.014628656607579593,0.012596206749772
ZKW,0.1,GD,early,2342,2.1468144216487417,-0.03434168927557403,0.01688989113116958
ZKW,0.1,GPT,late,2342,-1.987101309830905,-0.0023978166215300484,0.02107642840419917
ZKW,0.1,TRT,late,2342,4.236549279743485,-0.0482731992545314,0.0193612313703372
ZKW,0.1,reg,late,4206,-0.06903334454545984,-0.11989385098904853,0.08600313966170665
ZKW,0.3,FFD,early,2350,-1.1061772455032042,-0.013971610632732157,0.014775671335290532
ZKW,0.3,GD,early,2350,0.15587220442830585,-0.029070225494189646,0.019794974155338596
ZKW,0.3,GPT,late,2350,-1.9343922237057996,0.006313035001733771,0.024829581672335926
ZKW,0.3,TRT,late,2350,1.957147569522931,-0.04518419070338019,0.022703312955423913
ZKW,0.3,reg,late,4218,1.5705313209155065,-0.19164445759004253,0.10145809334316266
ZKW,0.5,FFD,early,2350,-1.9973930548840144,-9.42059196057387e-4,0.018510238425253803
ZKW,0.5,GD,early,2350,-0.8970742341261939,-0.026008672011892504,0.024725096556653423
ZKW,0.5,GPT,late,2350,-1.443058732595091,0.023124853460742303,0.03100661496009585
ZKW,0.5,TRT,late,2350,0.7553455843408301,-0.04697849886532327,0.0282461865916591
ZKW,0.5,reg,late,4218,5.121724138803074,-0.34396578209644657,0.1301373053178295
ZKW,0.7,FFD,early,2350,-1.995715051998559,0.00151808717048321,0.02322916948985136
ZKW,0.7,GD,early,2350,-1.9702313306261203,-0.005373274273826497,0.0310651181874595
ZKW,0.7,GPT,late,2350,-1.6255823183128086,0.023872350935024957,0.03903657774539822
ZKW,0.7,TRT,late,2350,-1.2859138831881864,-0.03004444376307941,0.03550971545320358
ZKW,0.7,reg,late,4218,5.925753738722051,-0.47844243837433303,0.17243311671511458
ZKW,0.9,FFD,early,2350,-1.9889671224082122,0.004084012648258385,0.038872790700049856
ZKW,0.9,GD,early,2350,-1.3343970931709919,0.04239100524851094,0.052037554321130254
ZKW,0.9,GPT,late,2350,-0.19568245090340497,0.08712928238156671,0.06502243909868458
ZKW,0.9,TRT,late,2350,-1.9535857805713022,-0.012851858396605428,0.05960993984017648
ZKW,0.9,reg,late,4218,5.285254218680166,-0.8152775718950096,0.3076970122084266
ZMG,0.1,FFD,early,1961,-1.9724281342423637,-0.0019142746924785724,0.011530240156110686
ZMG,0.1,GD,early,1961,-1.156327747998148,-0.013115346729342954,0.014273890417221016
ZMG,0.1,GPT,late,1961,-1.952665710436122,0.004797563514104865,0.022033440435386964
ZMG,0.1,TRT,late,1961,-1.7227364146565378,0.00947075327976812,0.01797620070134426
ZMG,0.1,reg,late,4206,-1.9957422838615457,0.006045891210975646,0.09262927809030044
ZMG,0.3,FFD,early,1964,-1.584375009409996,-0.008733044313635146,0.013544047507197251
ZMG,0.3,GD,early,1964,-1.056135628696211,-0.016309352356791335,0.0167589486657269
ZMG,0.3,GPT,late,1964,-1.5550594055348483,0.017338178323183566,0.025992477215300215
ZMG,0.3,TRT,late,1964,-1.9158964925918553,0.006148331881169549,0.021174389875092518
ZMG,0.3,reg,late,4218,-1.9648988196686332,-0.020393728538238363,0.10881087254429528
ZMG,0.5,FFD,early,1964,-0.9418279677011014,-0.01737351099047667,0.01687150193663865
ZMG,0.5,GD,early,1964,-0.5689626566163497,-0.025004629980709486,0.02087126105121515
ZMG,0.5,GPT,late,1964,-1.7741469031861925,0.015477525395065217,0.03258551996254042
ZMG,0.5,TRT,late,1964,-1.9618739894031023,-0.005193994297175063,0.026464170118208796
ZMG,0.5,reg,late,4218,-1.6792391078615765,-0.07786866099157796,0.1375721649668411
ZMG,0.7,FFD,early,1964,-1.1535516701769666,-0.019650995976968476,0.021325675854447265
ZMG,0.7,GD,early,1964,-1.5180260755842028,-0.01840498935150653,0.02648615098866009
ZMG,0.7,GPT,late,1964,-1.8893923318792076,0.013801826748834253,0.04157352965027588
ZMG,0.7,TRT,late,1964,-1.9893619248541654,-0.0034206820709192457,0.03314183883268336
ZMG,0.7,reg,late,4218,-1.704659546449875,-0.0972710259922588,0.17978105174108688
ZMG,0.9,FFD,early,1964,-1.8798977035439748,-0.012085812760657524,0.034838819166010206
ZMG,0.9,GD,early,1964,-1.7027049175521825,0.023512327848715046,0.04317548495567779
ZMG,0.9,GPT,late,1964,-1.636576665139728,0.0406249463672807,0.06736450283945652
ZMG,0.9,TRT,late,1964,-1.992454885297775,0.004620789655453057,0.053281945459049296
ZMG,0.9,reg,late,4218,-1.8790355923165407,0.10739569851380544,0.30631741788970257
ZPH,0.1,FFD,early,2073,-1.9996921852034575,-1.99249968247727e-4,0.011383658381976346
ZPH,0.1,GD,early,2073,1.6855290378225618,-0.030978247448985148,0.01615186482007958
ZPH,0.1,GPT,late,2073,-0.969907678081654,-0.022539255628511553,0.022233515761851248
ZPH,0.1,TRT,late,2073,2.112549641107762,-0.03841554624835749,0.018963022837621284
ZPH,0.1,reg,late,4206,3.2853406227950472,-0.19662275821711372,0.08508918433158533
ZPH,0.3,FFD,early,2079,-1.9991491811997548,3.844437189129578e-4,0.013317719730032951
ZPH,0.3,GD,early,2079,1.8331877417913347,-0.037019215679990496,0.018894531227054454
ZPH,0.3,GPT,late,2079,-1.8160293143009767,-0.011175215154943414,0.02604718852835145
ZPH,0.3,TRT,late,2079,0.7131501610783744,-0.03671906848111828,0.022282179486945525
ZPH,0.3,reg,late,4218,4.897955028813158,-0.26624301446311033,0.10164649599631594
ZPH,0.5,FFD,early,2079,-1.9186076516270987,0.004704764182801802,0.016520126994358803
ZPH,0.5,GD,early,2079,3.938536214904161,-0.05688509029956114,0.023274808745562977
ZPH,0.5,GPT,late,2079,-1.7957674035533273,-0.014634450206088348,0.032318253752927156
ZPH,0.5,TRT,late,2079,3.1355955162944156,-0.06248342358756978,0.027498382236520177
ZPH,0.5,reg,late,4218,7.971004589187942,-0.41016180303833616,0.1316423457439811
ZPH,0.7,FFD,early,2079,-1.9062726711345022,0.006401062877295628,0.02092683184533779
ZPH,0.7,GD,early,2079,2.2455687619039963,-0.06091349134603208,0.029461478401117968
ZPH,0.7,GPT,late,2079,-1.9732359784611617,-0.006731793650258538,0.04117660698198665
ZPH,0.7,TRT,late,2079,0.29764409311974305,-0.052851679029593236,0.03477029709934835
ZPH,0.7,reg,late,4218,3.9422574677691955,-0.41412645565243883,0.1724618706913534
ZPH,0.9,FFD,early,2079,-1.993378547627799,0.002826691128668776,0.03477417305092833
ZPH,0.9,GD,early,2079,1.3485699148914136,-0.08952440477814572,0.04872021660155767
ZPH,0.9,GPT,late,2079,-1.1576296594030282,-0.06337026654158628,0.06886404486559944
ZPH,0.9,TRT,late,2079,0.4177384572867595,-0.09002387289295102,0.05766181042094506
ZPH,0.9,reg,late,4218,4.476293314699433,-0.7691035336285903,0.3083133426451077
